building ,room,subject ,college,rollRange,TotalInCollege,reference,maps
কলা ভবন ১,101,বাংলা ,ইসলামিয়া কলেজ,4066603-4066619,17,https://i.postimg.cc/hG5x6fQS/Screenshot-2025-08-23-215549.png,https://maps.app.goo.gl/VG521nbFMPpaxF6H9
কলা ভবন ১,101,বাংলা ,বরিশাল সরকারি মহিলা কলেজ,4066715-4066739,25,https://i.postimg.cc/hG5x6fQS/Screenshot-2025-08-23-215549.png,https://maps.app.goo.gl/VG521nbFMPpaxF6H9
কলা ভবন ১,102,বাংলা ,বরিশাল সরকারি মহিলা কলেজ,4066740-4066781,42,https://i.postimg.cc/hG5x6fQS/Screenshot-2025-08-23-215549.png,https://maps.app.goo.gl/VG521nbFMPpaxF6H9
কলা ভবন ১,201,বাংলা ,বরিশাল সরকারি মহিলা কলেজ,4066782-4066820,39,https://i.postimg.cc/hG5x6fQS/Screenshot-2025-08-23-215549.png,https://maps.app.goo.gl/VG521nbFMPpaxF6H9
কলা ভবন ১,201,বাংলা ,বরিশাল সরকারি কলেজ,4068611-4068631,21,https://i.postimg.cc/hG5x6fQS/Screenshot-2025-08-23-215549.png,https://maps.app.goo.gl/VG521nbFMPpaxF6H9
কলা ভবন ১,202,বাংলা ,বরিশাল সরকারি কলেজ,4068632-4068639,8,https://i.postimg.cc/hG5x6fQS/Screenshot-2025-08-23-215549.png,https://maps.app.goo.gl/VG521nbFMPpaxF6H9
কলা ভবন ১,202,বাংলা ,সরকারি সৈয়দ হাতেম আলী কলেজ,4070037-4070072,36,https://i.postimg.cc/hG5x6fQS/Screenshot-2025-08-23-215549.png,https://maps.app.goo.gl/VG521nbFMPpaxF6H9
কলা ভবন ১,301,বাংলা ,সরকারি সৈয়দ হাতেম আলী কলেজ,4070073-4070116,44,https://i.postimg.cc/hG5x6fQS/Screenshot-2025-08-23-215549.png,https://maps.app.goo.gl/VG521nbFMPpaxF6H9
কলা ভবন ১,302,বাংলা ,সরকারি সৈয়দ হাতেম আলী কলেজ,4070117-4070130,14,https://i.postimg.cc/hG5x6fQS/Screenshot-2025-08-23-215549.png,https://maps.app.goo.gl/VG521nbFMPpaxF6H9
কলা ভবন ১,302,বাংলা ,উজিরপুর মহিলা কলেজ,4074259-4074261,3,https://i.postimg.cc/hG5x6fQS/Screenshot-2025-08-23-215549.png,https://maps.app.goo.gl/VG521nbFMPpaxF6H9
কলা ভবন ১,302,বাংলা ,সরকারি স্বরূপকাঠি কলেজ,4076432-4076458,27,https://i.postimg.cc/hG5x6fQS/Screenshot-2025-08-23-215549.png,https://maps.app.goo.gl/VG521nbFMPpaxF6H9
কলা ভবন ২,102,বাংলা ,সরকারি স্বরূপকাঠি কলেজ,4076459-4076468,10,https://i.postimg.cc/GhFFtLVQ/image.png,https://maps.app.goo.gl/iJbaLRBgQL9zueFn7
কলা ভবন ২,102,ইংরেজি ,সৈয়দ বজলুল হক কলেজ,4066589,1,https://i.postimg.cc/GhFFtLVQ/image.png,https://maps.app.goo.gl/iJbaLRBgQL9zueFn7
কলা ভবন ২,102,ইংরেজি ,বরিশাল সরকারি মহিলা কলেজ,4066924-4066990,67,https://i.postimg.cc/GhFFtLVQ/image.png,https://maps.app.goo.gl/iJbaLRBgQL9zueFn7
কলা ভবন ২,103,ইংরেজি ,বরিশাল সরকারি মহিলা কলেজ,4066991-4067001,11,https://i.postimg.cc/GhFFtLVQ/image.png,https://maps.app.goo.gl/iJbaLRBgQL9zueFn7
কলা ভবন ২,103,ইংরেজি ,বরিশাল সরকারি কলেজ,4068728-4068756,29,https://i.postimg.cc/GhFFtLVQ/image.png,https://maps.app.goo.gl/iJbaLRBgQL9zueFn7
কলা ভবন ২,201,ইংরেজি ,বরিশাল সরকারি কলেজ,4068757-4068808,52,https://i.postimg.cc/GhFFtLVQ/image.png,https://maps.app.goo.gl/iJbaLRBgQL9zueFn7
কলা ভবন ২,201,ইংরেজি ,সরকারি সৈয়দ হাতেম আলী কলেজ,4070217-4070224,8,https://i.postimg.cc/GhFFtLVQ/image.png,https://maps.app.goo.gl/iJbaLRBgQL9zueFn7
কলা ভবন ২,301,ইংরেজি ,সরকারি সৈয়দ হাতেম আলী কলেজ,4070225-4070289,65,https://i.postimg.cc/GhFFtLVQ/image.png,https://maps.app.goo.gl/iJbaLRBgQL9zueFn7
কলা ভবন ২,302,ইংরেজি ,সরকারি সৈয়দ হাতেম আলী কলেজ,4070290-4070293,4,https://i.postimg.cc/GhFFtLVQ/image.png,https://maps.app.goo.gl/iJbaLRBgQL9zueFn7
কলা ভবন ২,302,ইংরেজি ,সরকারি পাতারহাট আরসি কলেজ,4072478-4072480,3,https://i.postimg.cc/GhFFtLVQ/image.png,https://maps.app.goo.gl/iJbaLRBgQL9zueFn7
কলা ভবন ২,302,ইংরেজি ,সরকারি হিজলা কলেজ,4073814-4073827,14,https://i.postimg.cc/GhFFtLVQ/image.png,https://maps.app.goo.gl/iJbaLRBgQL9zueFn7
কলা ভবন ২,302,ইংরেজি ,সরকারি স্বরূপকাঠি কলেজ,4076506-4076532,27,https://i.postimg.cc/GhFFtLVQ/image.png,https://maps.app.goo.gl/iJbaLRBgQL9zueFn7
কলা ভবন ৩,101,ইংরেজি ,সরকারি স্বরূপকাঠি কলেজ,4076533-4076546,14,https://i.postimg.cc/G24Pmkn8/image.png,https://maps.app.goo.gl/rQ2oL5w2L6YvRDAa7
কলা ভবন ৩,101,ইতিহাস ,ইসলামিয়া কলেজ,4066631-4066655,25,https://i.postimg.cc/G24Pmkn8/image.png,https://maps.app.goo.gl/rQ2oL5w2L6YvRDAa7
কলা ভবন ৩,101,ইতিহাস ,বরিশাল সরকারি মহিলা কলেজ,4067049-4067093,45,https://i.postimg.cc/G24Pmkn8/image.png,https://maps.app.goo.gl/rQ2oL5w2L6YvRDAa7
কলা ভবন ৩,102,ইতিহাস ,বরিশাল সরকারি মহিলা কলেজ,4067094-4067142,49,https://i.postimg.cc/G24Pmkn8/image.png,https://maps.app.goo.gl/rQ2oL5w2L6YvRDAa7
কলা ভবন ৩,102,ইতিহাস ,বরিশাল সরকারি কলেজ,4068861-4068879,19,https://i.postimg.cc/G24Pmkn8/image.png,https://maps.app.goo.gl/rQ2oL5w2L6YvRDAa7
কলা ভবন ৩,401,ইতিহাস ,বরিশাল সরকারি কলেজ,4068880-4068924,45,https://i.postimg.cc/G24Pmkn8/image.png,https://maps.app.goo.gl/rQ2oL5w2L6YvRDAa7
কলা ভবন ৩,401,ইতিহাস ,সরকারি সৈয়দ হাতেম আলী কলেজ,4070355-4070385,31,https://i.postimg.cc/G24Pmkn8/image.png,https://maps.app.goo.gl/rQ2oL5w2L6YvRDAa7
কলা ভবন ৩,402,ইতিহাস ,সরকারি সৈয়দ হাতেম আলী কলেজ,4070386-4070457,72,https://i.postimg.cc/G24Pmkn8/image.png,https://maps.app.goo.gl/rQ2oL5w2L6YvRDAa7
কলা ভবন ৩,501,ইতিহাস ,সরকারি পাতারহাট আরসি কলেজ,4072512-4072551,40,https://i.postimg.cc/G24Pmkn8/image.png,https://maps.app.goo.gl/rQ2oL5w2L6YvRDAa7
কলা ভবন ৩,501,ইতিহাস ,বাবুগঞ্জ ডিগ্রি কলেজ,4073946-4073958,13,https://i.postimg.cc/G24Pmkn8/image.png,https://maps.app.goo.gl/rQ2oL5w2L6YvRDAa7
কলা ভবন ৩,501,ইসলামের ইতিহাস ,বরিশাল সরকারি মহিলা কলেজ,4443289,1,https://i.postimg.cc/G24Pmkn8/image.png,https://maps.app.goo.gl/rQ2oL5w2L6YvRDAa7
কলা ভবন ৩,501,ইসলামের ইতিহাস ,বরিশাল সরকারি মহিলা কলেজ,4067174-4067190,17,https://i.postimg.cc/G24Pmkn8/image.png,https://maps.app.goo.gl/rQ2oL5w2L6YvRDAa7
কলা ভবন ৩,502,ইসলামের ইতিহাস ,বরিশাল সরকারি মহিলা কলেজ,4067191-4067251,61,https://i.postimg.cc/G24Pmkn8/image.png,https://maps.app.goo.gl/rQ2oL5w2L6YvRDAa7
কলা ভবন ৩,502,ইসলামের ইতিহাস ,সরকারি সৈয়দ হাতেম আলী কলেজ,4070496-4070506,11,https://i.postimg.cc/G24Pmkn8/image.png,https://maps.app.goo.gl/rQ2oL5w2L6YvRDAa7
কলা ভবন ৪,101,ইসলামের ইতিহাস,সরকারি সৈয়দ হাতেম আলী কলেজ,4070507-4070556,50,https://i.postimg.cc/bwPR9DkW/image.png,https://maps.app.goo.gl/ozQDsfUFBL6Kcywm6
কলা ভবন ৪,102,ইসলামের ইতিহাস,সরকারি সৈয়দ হাতেম আলী কলেজ,4070557-4070600,44,https://i.postimg.cc/bwPR9DkW/image.png,https://maps.app.goo.gl/ozQDsfUFBL6Kcywm6
কলা ভবন ৪,102,ইসলামের ইতিহাস,সরকারি হিজলা কলেজ,4073840-4073845,6,https://i.postimg.cc/bwPR9DkW/image.png,https://maps.app.goo.gl/ozQDsfUFBL6Kcywm6
কলা ভবন ৪,103,ইসলামের ইতিহাস,সরকারি হিজলা কলেজ,4073846-4073856,11,https://i.postimg.cc/bwPR9DkW/image.png,https://maps.app.goo.gl/ozQDsfUFBL6Kcywm6
কলা ভবন ৪,103,দর্শন,বরিশাল সরকারি মহিলা কলেজ,4067267-4067305,39,https://i.postimg.cc/bwPR9DkW/image.png,https://maps.app.goo.gl/ozQDsfUFBL6Kcywm6
কলা ভবন ৪,104,দর্শন,বরিশাল সরকারি মহিলা কলেজ,4067306-4067311,6,https://i.postimg.cc/bwPR9DkW/image.png,https://maps.app.goo.gl/ozQDsfUFBL6Kcywm6
কলা ভবন ৪,104,দর্শন,সরকারি সৈয়দ হাতেম আলী কলেজ,4070632-4070675,44,https://i.postimg.cc/bwPR9DkW/image.png,https://maps.app.goo.gl/ozQDsfUFBL6Kcywm6
কলা ভবন ৪,201,দর্শন,সরকারি সৈয়দ হাতেম আলী কলেজ,4070676-4070680,5,https://i.postimg.cc/bwPR9DkW/image.png,https://maps.app.goo.gl/ozQDsfUFBL6Kcywm6
কলা ভবন ৪,201,ইসলামিক স্টাডিজ,সরকারি সৈয়দ হাতেম আলী কলেজ,4070705-4070759,55,https://i.postimg.cc/bwPR9DkW/image.png,https://maps.app.goo.gl/ozQDsfUFBL6Kcywm6
কলা ভবন ৪,401,ইসলামিক স্টাডিজ,সরকারি সৈয়দ হাতেম আলী কলেজ,4070760-4070791,32,https://i.postimg.cc/bwPR9DkW/image.png,https://maps.app.goo.gl/ozQDsfUFBL6Kcywm6
কলা ভবন ৪,401,রাষ্ট্রবিজ্ঞান,ইসলামিয়া কলেজ,4066667-4066686,20,https://i.postimg.cc/bwPR9DkW/image.png,https://maps.app.goo.gl/ozQDsfUFBL6Kcywm6
কলা ভবন ৪,402,রাষ্ট্রবিজ্ঞান,বরিশাল সরকারি মহিলা কলেজ,4067386-4067435,50,https://i.postimg.cc/bwPR9DkW/image.png,https://maps.app.goo.gl/ozQDsfUFBL6Kcywm6
কলা ভবন ৪,403,রাষ্ট্রবিজ্ঞান,বরিশাল সরকারি মহিলা কলেজ,4067436-4067487,52,https://i.postimg.cc/bwPR9DkW/image.png,https://maps.app.goo.gl/ozQDsfUFBL6Kcywm6
কলা ভবন ৪,404,রাষ্ট্রবিজ্ঞান,বরিশাল সরকারি কলেজ,4068991-4069040,50,https://i.postimg.cc/bwPR9DkW/image.png,https://maps.app.goo.gl/ozQDsfUFBL6Kcywm6
পরিক্ষা ভবন ,101,রাষ্ট্রবিজ্ঞান,বরিশাল সরকারি কলেজ,4069041-4069084,44,https://i.postimg.cc/9XvbzNMW/image.png,https://maps.app.goo.gl/Ssy2GXyhdq1dVq959
পরিক্ষা ভবন ,101,রাষ্ট্রবিজ্ঞান,সরকারি সৈয়দ হাতেম আলী কলেজ,4070827-4070886,60,https://i.postimg.cc/9XvbzNMW/image.png,https://maps.app.goo.gl/Ssy2GXyhdq1dVq959
পরিক্ষা ভবন ,103,রাষ্ট্রবিজ্ঞান,সরকারি সৈয়দ হাতেম আলী কলেজ,4070887-4070930,44,https://i.postimg.cc/9XvbzNMW/image.png,https://maps.app.goo.gl/Ssy2GXyhdq1dVq959
পরিক্ষা ভবন ,103,রাষ্ট্রবিজ্ঞান,সরকারি পাতারহাট আরসি কলেজ,4072574-4072619,46,https://i.postimg.cc/9XvbzNMW/image.png,https://maps.app.goo.gl/Ssy2GXyhdq1dVq959
পরিক্ষা ভবন ,103,রাষ্ট্রবিজ্ঞান,সরকারি হিজলা কলেজ,4073878-4073887,10,https://i.postimg.cc/9XvbzNMW/image.png,https://maps.app.goo.gl/Ssy2GXyhdq1dVq959
পরিক্ষা ভবন ,304,রাষ্ট্রবিজ্ঞান,সরকারি হিজলা কলেজ,4073888-4073926,39,https://i.postimg.cc/9XvbzNMW/image.png,https://maps.app.goo.gl/Ssy2GXyhdq1dVq959
পরিক্ষা ভবন ,304,রাষ্ট্রবিজ্ঞান,কলসকাঠি কলেজ,4073428-4073432,5,https://i.postimg.cc/9XvbzNMW/image.png,https://maps.app.goo.gl/Ssy2GXyhdq1dVq959
পরিক্ষা ভবন ,403,রাষ্ট্রবিজ্ঞান,বাবুগঞ্জ ডিগ্রি কলেজ,4073966-4073990,25,https://i.postimg.cc/9XvbzNMW/image.png,https://maps.app.goo.gl/Ssy2GXyhdq1dVq959
পরিক্ষা ভবন ,403,রাষ্ট্রবিজ্ঞান,চরকালেখান আদর্শ কলেজ,4074152-4074157,6,https://i.postimg.cc/9XvbzNMW/image.png,https://maps.app.goo.gl/Ssy2GXyhdq1dVq959
পরিক্ষা ভবন ,403,রাষ্ট্রবিজ্ঞান,উলানিয়া মুজাফফর খান কলেজ,4074167-4074179,13,https://i.postimg.cc/9XvbzNMW/image.png,https://maps.app.goo.gl/Ssy2GXyhdq1dVq959
পরিক্ষা ভবন ,404,রাষ্ট্রবিজ্ঞান,উলানিয়া মুজাফফর খান কলেজ,4074180-4074193,14,https://i.postimg.cc/9XvbzNMW/image.png,https://maps.app.goo.gl/Ssy2GXyhdq1dVq959
পরিক্ষা ভবন ,404,সমাজকর্ম,বরিশাল সরকারি মহিলা কলেজ,4067568-4067597,30,https://i.postimg.cc/9XvbzNMW/image.png,https://maps.app.goo.gl/Ssy2GXyhdq1dVq959
পরিক্ষা ভবন ,501,সমাজকর্ম,বরিশাল সরকারি মহিলা কলেজ,4067598-4067641,44,https://i.postimg.cc/9XvbzNMW/image.png,https://maps.app.goo.gl/Ssy2GXyhdq1dVq959
পরিক্ষা ভবন ,502,সমাজকর্ম,বরিশাল সরকারি মহিলা কলেজ,4067642-4067685,44,https://i.postimg.cc/9XvbzNMW/image.png,https://maps.app.goo.gl/Ssy2GXyhdq1dVq959
পরিক্ষা ভবন ,503,সমাজকর্ম,বরিশাল সরকারি মহিলা কলেজ,4067686-4067726,41,https://i.postimg.cc/9XvbzNMW/image.png,https://maps.app.goo.gl/Ssy2GXyhdq1dVq959
পরিক্ষা ভবন ,504,সমাজকর্ম,বরিশাল সরকারি কলেজ,4069159-4069202,44,https://i.postimg.cc/9XvbzNMW/image.png,https://maps.app.goo.gl/Ssy2GXyhdq1dVq959
ব্যবসায় প্রশাসন ভবন,101,সমাজকর্ম,বরিশাল সরকারি কলেজ,4069203-4069246,44,https://i.postimg.cc/ZqTyC6pY/image.png,https://maps.app.goo.gl/XghHAZ9jA3fwsCUY7
ব্যবসায় প্রশাসন ভবন,103,সমাজকর্ম,বরিশাল সরকারি কলেজ,4069247-4069270,24,https://i.postimg.cc/ZqTyC6pY/image.png,https://maps.app.goo.gl/XghHAZ9jA3fwsCUY7
ব্যবসায় প্রশাসন ভবন,103,সমাজকর্ম,সরকারি সৈয়দ হাতেম আলী কলেজ,4070986-4071015,30,https://i.postimg.cc/ZqTyC6pY/image.png,https://maps.app.goo.gl/XghHAZ9jA3fwsCUY7
ব্যবসায় প্রশাসন ভবন,104,সমাজকর্ম,সরকারি সৈয়দ হাতেম আলী কলেজ,4071016-4071080,65,https://i.postimg.cc/ZqTyC6pY/image.png,https://maps.app.goo.gl/XghHAZ9jA3fwsCUY7
ব্যবসায় প্রশাসন ভবন,201,সমাজকর্ম,সরকারি সৈয়দ হাতেম আলী কলেজ,4071081-4071119,39,https://i.postimg.cc/ZqTyC6pY/image.png,https://maps.app.goo.gl/XghHAZ9jA3fwsCUY7
ব্যবসায় প্রশাসন ভবন,201,সমাজকর্ম,বাবুগঞ্জ ডিগ্রি কলেজ,4073996-4074013,18,https://i.postimg.cc/ZqTyC6pY/image.png,https://maps.app.goo.gl/XghHAZ9jA3fwsCUY7
ব্যবসায় প্রশাসন ভবন,201,অর্থনীতি,বরিশাল সরকারি মহিলা কলেজ,4067803-4067811,9,https://i.postimg.cc/ZqTyC6pY/image.png,https://maps.app.goo.gl/XghHAZ9jA3fwsCUY7
ব্যবসায় প্রশাসন ভবন,202,অর্থনীতি,বরিশাল সরকারি মহিলা কলেজ,4067812-4067873,62,https://i.postimg.cc/ZqTyC6pY/image.png,https://maps.app.goo.gl/XghHAZ9jA3fwsCUY7
ব্যবসায় প্রশাসন ভবন,301,Economics,Barishal Govt. Mohila College,4067874-4067880,7,https://i.postimg.cc/L5qPmRfz/image.png,https://maps.app.goo.gl/XghHAZ9jA3fwsCUY7
ব্যবসায় প্রশাসন ভবন,301,Economics,Govt. Syed Hatem Ali College,4071221-4071269,49,https://i.postimg.cc/L5qPmRfz/image.png,https://maps.app.goo.gl/XghHAZ9jA3fwsCUY7
ব্যবসায় প্রশাসন ভবন,302,Economics,Govt. Syed Hatem Ali College,4071270-4071301,32,https://i.postimg.cc/L5qPmRfz/image.png,https://maps.app.goo.gl/XghHAZ9jA3fwsCUY7
ব্যবসায় প্রশাসন ভবন,302,Economics,Govt. Patarhat RC College,4072624-4072636,13,https://i.postimg.cc/L5qPmRfz/image.png,https://maps.app.goo.gl/XghHAZ9jA3fwsCUY7
ব্যবসায় প্রশাসন ভবন,401,Marketing,Barishal Govt. College,4069374-4069419,46,https://i.postimg.cc/L5qPmRfz/image.png,https://maps.app.goo.gl/XghHAZ9jA3fwsCUY7
ব্যবসায় প্রশাসন ভবন,402,Marketing,Barishal Govt. College,4069420-4069467,48,https://i.postimg.cc/L5qPmRfz/image.png,https://maps.app.goo.gl/XghHAZ9jA3fwsCUY7
উচ্চমাধ্যমিক ভবন ,101,Marketing,Barishal Govt. College,4069468-4069516,49,https://i.postimg.cc/Bvs2Hr90/image.png,https://maps.app.goo.gl/GvyXbwyRTMEFGeNK6
উচ্চমাধ্যমিক ভবন ,101,Marketing,Govt. Syed Hatem Ali College,4071392-4071416,25,https://i.postimg.cc/Bvs2Hr90/image.png,https://maps.app.goo.gl/GvyXbwyRTMEFGeNK6
উচ্চমাধ্যমিক ভবন ,102,Marketing,Govt. Syed Hatem Ali College,4071417-4071500,84,https://i.postimg.cc/Bvs2Hr90/image.png,https://maps.app.goo.gl/GvyXbwyRTMEFGeNK6
উচ্চমাধ্যমিক ভবন ,103,Marketing,Govt. Syed Hatem Ali College,4071501-4071521,21,https://i.postimg.cc/Bvs2Hr90/image.png,https://maps.app.goo.gl/GvyXbwyRTMEFGeNK6
উচ্চমাধ্যমিক ভবন ,103,Accounting,Barishal Govt. Mohila College,4067943-4068010,68,https://i.postimg.cc/Bvs2Hr90/image.png,https://maps.app.goo.gl/GvyXbwyRTMEFGeNK6
উচ্চমাধ্যমিক ভবন ,103,Accounting,Barishal Govt. College,4069550-4069578,29,https://i.postimg.cc/Bvs2Hr90/image.png,https://maps.app.goo.gl/GvyXbwyRTMEFGeNK6
উচ্চমাধ্যমিক ভবন ,103,Accounting,Babuganj Degree College,4074024,1,https://i.postimg.cc/Bvs2Hr90/image.png,https://maps.app.goo.gl/GvyXbwyRTMEFGeNK6
উচ্চমাধ্যমিক ভবন ,201,Accounting,Govt. Syed Hatem Ali College,4071585-4071630,46,https://i.postimg.cc/Bvs2Hr90/image.png,https://maps.app.goo.gl/GvyXbwyRTMEFGeNK6
উচ্চমাধ্যমিক ভবন ,202,Accounting,Govt. Syed Hatem Ali College,4071631-4071662,32,https://i.postimg.cc/Bvs2Hr90/image.png,https://maps.app.goo.gl/GvyXbwyRTMEFGeNK6
উচ্চমাধ্যমিক ভবন ,202,Accounting,Govt. Swarupkathi College,4076553-4076563,11,https://i.postimg.cc/Bvs2Hr90/image.png,https://maps.app.goo.gl/GvyXbwyRTMEFGeNK6
উচ্চমাধ্যমিক ভবন ,203,Accounting,Govt. Patarhat RC College,4072639-4072643,5,https://i.postimg.cc/Bvs2Hr90/image.png,https://maps.app.goo.gl/GvyXbwyRTMEFGeNK6
উচ্চমাধ্যমিক ভবন ,203,Accounting,Govt. Hizla College,4073932-4073937,6,https://i.postimg.cc/Bvs2Hr90/image.png,https://maps.app.goo.gl/GvyXbwyRTMEFGeNK6
উচ্চমাধ্যমিক ভবন ,203,Management,Barishal Govt. Mohila College,4068087-4068121,35,https://i.postimg.cc/Bvs2Hr90/image.png,https://maps.app.goo.gl/GvyXbwyRTMEFGeNK6
রসায়ন ভবন ,201,Management,Barishal Govt. Mohila College,4068122-4068151,30,https://i.postimg.cc/1RY0276G/image.png,https://maps.app.goo.gl/KtcWvPHhgHgrQ7mh9
রসায়ন ভবন ,201,Management,Barishal Govt. College,4069703-4069696,84,https://i.postimg.cc/1RY0276G/image.png,https://maps.app.goo.gl/KtcWvPHhgHgrQ7mh9
রসায়ন ভবন ,202,Management,Barishal Govt. College,4069787-4069824,38,https://i.postimg.cc/1RY0276G/image.png,https://maps.app.goo.gl/KtcWvPHhgHgrQ7mh9
রসায়ন ভবন ,203,Management,Barishal Govt. College,4069825-4069832,8,https://i.postimg.cc/1RY0276G/image.png,https://maps.app.goo.gl/KtcWvPHhgHgrQ7mh9
রসায়ন ভবন ,203,Management,Govt. Syed Hatem Ali College,4071848-4071971,124,https://i.postimg.cc/1RY0276G/image.png,https://maps.app.goo.gl/KtcWvPHhgHgrQ7mh9
বিজ্ঞান ভবন,102,Management,Govt. Syed Hatem Ali College,4071972-4072001,30,https://i.postimg.cc/9MLPWJkj/image.png,https://maps.app.goo.gl/y8wm34VnYjZGfB8H6
বিজ্ঞান ভবন,102,Management,Govt. Patarhat RC College,4072657-4072667,11,https://i.postimg.cc/9MLPWJkj/image.png,https://maps.app.goo.gl/y8wm34VnYjZGfB8H6
বিজ্ঞান ভবন,103,Management,Babuganj Degree College,4074037-4074042,6,https://i.postimg.cc/9MLPWJkj/image.png,https://maps.app.goo.gl/y8wm34VnYjZGfB8H6
বিজ্ঞান ভবন,103,Physics,Barishal Govt. Mohila College,4068196-4068227,32,https://i.postimg.cc/9MLPWJkj/image.png,https://maps.app.goo.gl/y8wm34VnYjZGfB8H6
বিজ্ঞান ভবন,103,Chemistry,Barishal Govt. Mohila College,4068296-4068323,28,https://i.postimg.cc/9MLPWJkj/image.png,https://maps.app.goo.gl/y8wm34VnYjZGfB8H6
বিজ্ঞান ভবন,104,Botany,Barishal Govt. Mohila College,4068382-4068419,38,https://i.postimg.cc/9MLPWJkj/image.png,https://maps.app.goo.gl/y8wm34VnYjZGfB8H6
বিজ্ঞান ভবন,104,Zoology,Barishal Govt. Mohila College,4068462-4068471,10,https://i.postimg.cc/9MLPWJkj/image.png,https://maps.app.goo.gl/y8wm34VnYjZGfB8H6
বিজ্ঞান ভবন,201,Zoology,Barishal Govt. Mohila College,4068472-4068496,25,https://i.postimg.cc/9MLPWJkj/image.png,https://maps.app.goo.gl/y8wm34VnYjZGfB8H6
বিজ্ঞান ভবন,201,Zoology,Govt. Syed Hatem Ali College,4072094-4072112,19,https://i.postimg.cc/9MLPWJkj/image.png,https://maps.app.goo.gl/y8wm34VnYjZGfB8H6
বিজ্ঞান ভবন,301,Zoology,Govt. Syed Hatem Ali College,4072113-4072158,46,https://i.postimg.cc/9MLPWJkj/image.png,https://maps.app.goo.gl/y8wm34VnYjZGfB8H6
বিজ্ঞান ভবন,302,Zoology,Govt. Syed Hatem Ali College,4072159-4072173,15,https://i.postimg.cc/9MLPWJkj/image.png,https://maps.app.goo.gl/y8wm34VnYjZGfB8H6
বিজ্ঞান ভবন,302,Geography,Govt. Syed Hatem Ali College,4072204-4072241,38,https://i.postimg.cc/9MLPWJkj/image.png,https://maps.app.goo.gl/y8wm34VnYjZGfB8H6
বিজ্ঞান ভবন,401,Soil Science,Barishal Govt. College,4069927-4069978,52,https://i.postimg.cc/9MLPWJkj/image.png,https://maps.app.goo.gl/y8wm34VnYjZGfB8H6
বিজ্ঞান ভবন,403,Soil Science,Barishal Govt. College,4069979-4069985,7,https://i.postimg.cc/9MLPWJkj/image.png,https://maps.app.goo.gl/y8wm34VnYjZGfB8H6
বিজ্ঞান ভবন,403,Mathematics,Barishal Govt. Mohila College,4068542-4068582,41,https://i.postimg.cc/9MLPWJkj/image.png,https://maps.app.goo.gl/y8wm34VnYjZGfB8H6
পদার্থবিদ্যা ভবন,101,Bangla,Islamia College,4066595,1,https://i.postimg.cc/xCngjkTL/image.png,https://maps.app.goo.gl/ee1FKjXkSzCNMd2Y8
পদার্থবিদ্যা ভবন,101,Bangla,Barishal Govt. Mohila College,4066694-4066713,6,https://i.postimg.cc/xCngjkTL/image.png,https://maps.app.goo.gl/ee1FKjXkSzCNMd2Y8
পদার্থবিদ্যা ভবন,101,Bangla,Barishal Govt. College,4068594-4068610,11,https://i.postimg.cc/xCngjkTL/image.png,https://maps.app.goo.gl/ee1FKjXkSzCNMd2Y8
পদার্থবিদ্যা ভবন,101,Bangla,Govt. Syed Hatem Ali College,4069994-4070024,12,https://i.postimg.cc/xCngjkTL/image.png,https://maps.app.goo.gl/ee1FKjXkSzCNMd2Y8
পদার্থবিদ্যা ভবন,101,Bangla,Uzirpur Mohila College,4074257,1,https://i.postimg.cc/xCngjkTL/image.png,https://maps.app.goo.gl/ee1FKjXkSzCNMd2Y8
পদার্থবিদ্যা ভবন,101,Bangla,Govt. Swarupkathi College,4076431,1,https://i.postimg.cc/xCngjkTL/image.png,https://maps.app.goo.gl/ee1FKjXkSzCNMd2Y8
পদার্থবিদ্যা ভবন,101,English,Barishal Govt. Mohila College,4066847-4066920,15,https://i.postimg.cc/xCngjkTL/image.png,https://maps.app.goo.gl/ee1FKjXkSzCNMd2Y8
পদার্থবিদ্যা ভবন,101,English,Barishal Govt. College,4068648-4068724,17,https://i.postimg.cc/xCngjkTL/image.png,https://maps.app.goo.gl/ee1FKjXkSzCNMd2Y8
পদার্থবিদ্যা ভবন,101,English,Govt. Hizla College,4073807-4073810,3,https://i.postimg.cc/xCngjkTL/image.png,https://maps.app.goo.gl/ee1FKjXkSzCNMd2Y8
পদার্থবিদ্যা ভবন,101,English,Govt. Swarupkathi College,4076490-4076504,3,https://i.postimg.cc/xCngjkTL/image.png,https://maps.app.goo.gl/ee1FKjXkSzCNMd2Y8
পদার্থবিদ্যা ভবন,102,English,Govt. Syed Hatem Ali College,4070160-4070216,12,https://i.postimg.cc/xCngjkTL/image.png,https://maps.app.goo.gl/ee1FKjXkSzCNMd2Y8
পদার্থবিদ্যা ভবন,102,History,Islamia College,"4066622 , 4066628",2,https://i.postimg.cc/xCngjkTL/image.png,https://maps.app.goo.gl/ee1FKjXkSzCNMd2Y8
পদার্থবিদ্যা ভবন,102,History,Barishal Govt. Mohila College,4067008-4067023,4,https://i.postimg.cc/xCngjkTL/image.png,https://maps.app.goo.gl/ee1FKjXkSzCNMd2Y8
পদার্থবিদ্যা ভবন,102,History,Barishal Govt. College,4068811-4068857,6,https://i.postimg.cc/xCngjkTL/image.png,https://maps.app.goo.gl/ee1FKjXkSzCNMd2Y8
পদার্থবিদ্যা ভবন,102,History,Govt. Syed Hatem Ali College,4070301-4070354,10,https://i.postimg.cc/xCngjkTL/image.png,https://maps.app.goo.gl/ee1FKjXkSzCNMd2Y8
পদার্থবিদ্যা ভবন,102,History,Govt. Patarhat RC College,4072495-4072511,8,https://i.postimg.cc/xCngjkTL/image.png,https://maps.app.goo.gl/ee1FKjXkSzCNMd2Y8
পদার্থবিদ্যা ভবন,102,Islamic History,Barishal Govt. Mohila College,"4067162 , 4067166",2,https://i.postimg.cc/xCngjkTL/image.png,https://maps.app.goo.gl/ee1FKjXkSzCNMd2Y8
পদার্থবিদ্যা ভবন,102,Islamic History,Govt. Syed Hatem Ali College,4070462-4070495,8,https://i.postimg.cc/xCngjkTL/image.png,https://maps.app.goo.gl/ee1FKjXkSzCNMd2Y8
পদার্থবিদ্যা ভবন,102,Islamic History,Govt. Hizla College,4073828-4073835,5,https://i.postimg.cc/xCngjkTL/image.png,https://maps.app.goo.gl/ee1FKjXkSzCNMd2Y8
পদার্থবিদ্যা ভবন,103,Philosophy,Barishal Govt. Mohila College,4067253-4067266,5,https://i.postimg.cc/xCngjkTL/image.png,https://maps.app.goo.gl/ee1FKjXkSzCNMd2Y8
পদার্থবিদ্যা ভবন,103,Philosophy,Govt. Syed Hatem Ali College,4070615-4070631,5,https://i.postimg.cc/xCngjkTL/image.png,https://maps.app.goo.gl/ee1FKjXkSzCNMd2Y8
পদার্থবিদ্যা ভবন,103,Islamic Studies,Govt. Syed Hatem Ali College,4070685-4070703,14,https://i.postimg.cc/xCngjkTL/image.png,https://maps.app.goo.gl/ee1FKjXkSzCNMd2Y8
পদার্থবিদ্যা ভবন,103,Political Science,Islamia College,"4066659 , 4066663",2,https://i.postimg.cc/xCngjkTL/image.png,https://maps.app.goo.gl/ee1FKjXkSzCNMd2Y8
পদার্থবিদ্যা ভবন,103,Political Science,Barishal Govt. Mohila College,4067332-4067385,15,https://i.postimg.cc/xCngjkTL/image.png,https://maps.app.goo.gl/ee1FKjXkSzCNMd2Y8
পদার্থবিদ্যা ভবন,103,Political Science,Barishal Govt. College,4068928-4068988,11,https://i.postimg.cc/xCngjkTL/image.png,https://maps.app.goo.gl/ee1FKjXkSzCNMd2Y8
পদার্থবিদ্যা ভবন,103,Political Science,Govt. Syed Hatem Ali College,4070797-4070826,7,https://i.postimg.cc/xCngjkTL/image.png,https://maps.app.goo.gl/ee1FKjXkSzCNMd2Y8
পদার্থবিদ্যা ভবন,103,Political Science,Govt. Patarhat RC College,4072556-4072572,16,https://i.postimg.cc/xCngjkTL/image.png,https://maps.app.goo.gl/ee1FKjXkSzCNMd2Y8
পদার্থবিদ্যা ভবন,103,Political Science,Govt. Hizla College,"4073857 , 4073863",2,https://i.postimg.cc/xCngjkTL/image.png,https://maps.app.goo.gl/ee1FKjXkSzCNMd2Y8
পদার্থবিদ্যা ভবন,103,Political Science,Babuganj Degree College,"4073962 , 4073965",2,https://i.postimg.cc/xCngjkTL/image.png,https://maps.app.goo.gl/ee1FKjXkSzCNMd2Y8
পদার্থবিদ্যা ভবন,103,Social Work,Govt. Syed Hatem Ali College,4070961-4070983,5,https://i.postimg.cc/xCngjkTL/image.png,https://maps.app.goo.gl/ee1FKjXkSzCNMd2Y8
মৃত্তিকাবিজ্ঞান ভবন ,101,Social Work,Barishal Govt. Mohila College,4067491-4067567,21,https://i.postimg.cc/sgMNbZvX/image.png,https://maps.app.goo.gl/QXS9VJwjKevGF1sx9
মৃত্তিকাবিজ্ঞান ভবন ,101,Social Work,Barishal Govt. College,4069107-4069158,9,https://i.postimg.cc/sgMNbZvX/image.png,https://maps.app.goo.gl/QXS9VJwjKevGF1sx9
মৃত্তিকাবিজ্ঞান ভবন ,101,Social Work,Babuganj Degree College,4073994,1,https://i.postimg.cc/sgMNbZvX/image.png,https://maps.app.goo.gl/QXS9VJwjKevGF1sx9
মৃত্তিকাবিজ্ঞান ভবন ,101,Economics,Barishal Govt. Mohila College,4067773-4067802,6,https://i.postimg.cc/sgMNbZvX/image.png,https://maps.app.goo.gl/QXS9VJwjKevGF1sx9
মৃত্তিকাবিজ্ঞান ভবন ,101,Economics,Govt. Syed Hatem Ali College,4071154-4071220,8,https://i.postimg.cc/sgMNbZvX/image.png,https://maps.app.goo.gl/QXS9VJwjKevGF1sx9
মৃত্তিকাবিজ্ঞান ভবন ,101,Economics,Govt. Patarhat RC College,4072623,1,https://i.postimg.cc/sgMNbZvX/image.png,https://maps.app.goo.gl/QXS9VJwjKevGF1sx9
মৃত্তিকাবিজ্ঞান ভবন ,101,Marketing,Barishal Govt. College,4069299-4069373,19,https://i.postimg.cc/sgMNbZvX/image.png,https://maps.app.goo.gl/QXS9VJwjKevGF1sx9
মৃত্তিকাবিজ্ঞান ভবন ,101,Marketing,Govt. Syed Hatem Ali College,4071353-4071384,7,https://i.postimg.cc/sgMNbZvX/image.png,https://maps.app.goo.gl/QXS9VJwjKevGF1sx9
মৃত্তিকাবিজ্ঞান ভবন ,101,Zoology,Barishal Govt. Mohila College,"4068453 , 4068456",2,https://i.postimg.cc/sgMNbZvX/image.png,https://maps.app.goo.gl/QXS9VJwjKevGF1sx9
মৃত্তিকাবিজ্ঞান ভবন ,101,Zoology,Govt. Syed Hatem Ali College,4072049-4072087,4,https://i.postimg.cc/sgMNbZvX/image.png,https://maps.app.goo.gl/QXS9VJwjKevGF1sx9
মৃত্তিকাবিজ্ঞান ভবন ,101,Soil Science,Barishal Govt. College,4069896-4069919,4,https://i.postimg.cc/sgMNbZvX/image.png,https://maps.app.goo.gl/QXS9VJwjKevGF1sx9
মৃত্তিকাবিজ্ঞান ভবন ,101,Geography,Govt. Syed Hatem Ali College,4072183,1,https://i.postimg.cc/sgMNbZvX/image.png,https://maps.app.goo.gl/QXS9VJwjKevGF1sx9
মৃত্তিকাবিজ্ঞান ভবন ,101,Mathematics,Barishal Govt. Mohila College,4068515-4068535,4,https://i.postimg.cc/sgMNbZvX/image.png,https://maps.app.goo.gl/QXS9VJwjKevGF1sx9
মৃত্তিকাবিজ্ঞান ভবন ,102,Accounting,Barishal Govt. Mohila College,4067932-4067934,6,https://i.postimg.cc/gj1Vfrw9/image.png,https://maps.app.goo.gl/QXS9VJwjKevGF1sx9
মৃত্তিকাবিজ্ঞান ভবন ,102,Accounting,Barishal Govt. College,4069544,1,https://i.postimg.cc/gj1Vfrw9/image.png,https://maps.app.goo.gl/QXS9VJwjKevGF1sx9
মৃত্তিকাবিজ্ঞান ভবন ,102,Accounting,Govt. Syed Hatem Ali College,4071539-4071584,5,https://i.postimg.cc/gj1Vfrw9/image.png,https://maps.app.goo.gl/QXS9VJwjKevGF1sx9
মৃত্তিকাবিজ্ঞান ভবন ,102,Accounting,Govt. Swarupkathi College,"4076547 , 4076552",2,https://i.postimg.cc/gj1Vfrw9/image.png,https://maps.app.goo.gl/QXS9VJwjKevGF1sx9
মৃত্তিকাবিজ্ঞান ভবন ,102,Management,Barishal Govt. Mohila College,4068068-4068086,8,https://i.postimg.cc/gj1Vfrw9/image.png,https://maps.app.goo.gl/QXS9VJwjKevGF1sx9
মৃত্তিকাবিজ্ঞান ভবন ,102,Management,Barishal Govt. College,4069611-4069702,13,https://i.postimg.cc/gj1Vfrw9/image.png,https://maps.app.goo.gl/QXS9VJwjKevGF1sx9
মৃত্তিকাবিজ্ঞান ভবন ,102,Management,Govt. Syed Hatem Ali College,4071735-4071844,8,https://i.postimg.cc/gj1Vfrw9/image.png,https://maps.app.goo.gl/QXS9VJwjKevGF1sx9
মৃত্তিকাবিজ্ঞান ভবন ,102,Management,Govt. Patarhat RC College,4072645,1,https://i.postimg.cc/gj1Vfrw9/image.png,https://maps.app.goo.gl/QXS9VJwjKevGF1sx9
মৃত্তিকাবিজ্ঞান ভবন ,102,Management,Babuganj Degree College,4074036,1,https://i.postimg.cc/gj1Vfrw9/image.png,https://maps.app.goo.gl/QXS9VJwjKevGF1sx9
মৃত্তিকাবিজ্ঞান ভবন ,102,Physics,Barishal Govt. Mohila College,4068170-4068191,8,https://i.postimg.cc/gj1Vfrw9/image.png,https://maps.app.goo.gl/QXS9VJwjKevGF1sx9
মৃত্তিকাবিজ্ঞান ভবন ,102,Chemistry,Barishal Govt. Mohila College,4068245-4068294,8,https://i.postimg.cc/gj1Vfrw9/image.png,https://maps.app.goo.gl/QXS9VJwjKevGF1sx9
মৃত্তিকাবিজ্ঞান ভবন ,102,Botany,Barishal Govt. Mohila College,4068368-4068381,5,https://i.postimg.cc/gj1Vfrw9/image.png,https://maps.app.goo.gl/QXS9VJwjKevGF1sx9